# field	value
id	pl
name	PL
language	pl
format	1
source_language	pl
data_language	pl
keyboard_layout	pl_keyboard
short_label	PL
normalization_profile	latin-extended-v1
version	2.0.0
rows	141607
data	words.buckets.tsv
index	words.buckets.idx
sha256_data	85a00778cf107a3573ae165ff05e166eb203d307b191d838e0dff597609fd39a
sha256_index	f802cc33aacfb48db06209b499a89446b24ee0426c01ce6b61dfa1442f636d43
popular_data	words.popular.tsv
popular_index	words.popular.idx
popular_per_first	256
sha256_popular_data	51772d1071dc1cee9c536cc39d3bb5159f95d587946bb14dcc5715247387759a
sha256_popular_index	c1f719f1d3ed21b5ad088aa1e665902b6c9fb8611ee138e3da585704326f7094
